Date,Fajr,Sunrise,Dhuhr,Asar,Maghrib,Isha
Wed 1 Jan 2025,06:25,08:07,12:07,14:22,16:08,17:50
Thu 2 Jan 2025,06:25,08:07,12:08,14:23,16:09,17:51
Fri 3 Jan 2025,06:25,08:07,12:08,14:24,16:10,17:52
Sat 4 Jan 2025,06:25,08:06,12:09,14:25,16:12,17:53
Sun 5 Jan 2025,06:25,08:06,12:09,14:26,16:13,17:54
Mon 6 Jan 2025,06:25,08:06,12:10,14:27,16:14,17:55
Tue 7 Jan 2025,06:24,08:05,12:10,14:29,16:15,17:56
Wed 8 Jan 2025,06:24,08:05,12:10,14:30,16:17,17:57
Thu 9 Jan 2025,06:24,08:04,12:11,14:31,16:18,17:58
Fri 10 Jan 2025,06:23,08:04,12:11,14:32,16:19,18:00
Sat 11 Jan 2025,06:23,08:03,12:12,14:34,16:21,18:01
Sun 12 Jan 2025,06:23,08:03,12:12,14:35,16:22,18:02
Mon 13 Jan 2025,06:22,08:02,12:12,14:37,16:24,18:03
Tue 14 Jan 2025,06:22,08:01,12:13,14:38,16:25,18:04
Wed 15 Jan 2025,06:21,08:00,12:13,14:39,16:27,18:06
Thu 16 Jan 2025,06:21,07:59,12:14,14:41,16:28,18:07
Fri 17 Jan 2025,06:20,07:59,12:14,14:42,16:30,18:08
Sat 18 Jan 2025,06:19,07:58,12:14,14:44,16:31,18:10
Sun 19 Jan 2025,06:18,07:57,12:14,14:46,16:33,18:11
Mon 20 Jan 2025,06:18,07:56,12:15,14:47,16:35,18:12
Tue 21 Jan 2025,06:17,07:55,12:15,14:49,16:36,18:14
Wed 22 Jan 2025,06:16,07:53,12:15,14:50,16:38,18:15
Thu 23 Jan 2025,06:15,07:52,12:16,14:52,16:40,18:17
Fri 24 Jan 2025,06:14,07:51,12:16,14:53,16:41,18:18
Sat 25 Jan 2025,06:13,07:50,12:16,14:55,16:43,18:19
Sun 26 Jan 2025,06:12,07:49,12:16,14:57,16:45,18:21
Mon 27 Jan 2025,06:11,07:47,12:16,14:58,16:46,18:22
Tue 28 Jan 2025,06:10,07:46,12:17,15:00,16:48,18:24
Wed 29 Jan 2025,06:09,07:44,12:17,15:02,16:50,18:25
Thu 30 Jan 2025,06:08,07:43,12:17,15:03,16:52,18:27
Fri 31 Jan 2025,06:07,07:42,12:17,15:05,16:53,18:28
Sat 1 Feb 2025,06:05,07:40,12:17,15:07,16:55,18:30
Sun 2 Feb 2025,06:04,07:39,12:17,15:08,16:57,18:31
Mon 3 Feb 2025,06:03,07:37,12:17,15:10,16:59,18:33
Tue 4 Feb 2025,06:01,07:35,12:18,15:12,17:01,18:35
Wed 5 Feb 2025,06:00,07:34,12:18,15:13,17:02,18:36
Thu 6 Feb 2025,05:59,07:32,12:18,15:15,17:04,18:38
Fri 7 Feb 2025,05:57,07:30,12:18,15:17,17:06,18:39
Sat 8 Feb 2025,05:56,07:29,12:18,15:19,17:08,18:41
Sun 9 Feb 2025,05:54,07:27,12:18,15:20,17:10,18:42
Mon 10 Feb 2025,05:53,07:25,12:18,15:22,17:11,18:44
Tue 11 Feb 2025,05:51,07:23,12:18,15:24,17:13,18:46
Wed 12 Feb 2025,05:49,07:22,12:18,15:25,17:15,18:47
Thu 13 Feb 2025,05:48,07:20,12:18,15:27,17:17,18:49
Fri 14 Feb 2025,05:46,07:18,12:18,15:29,17:19,18:51
Sat 15 Feb 2025,05:44,07:16,12:18,15:30,17:20,18:52
Sun 16 Feb 2025,05:43,07:14,12:18,15:32,17:22,18:54
Mon 17 Feb 2025,05:41,07:12,12:18,15:33,17:24,18:55
Tue 18 Feb 2025,05:39,07:10,12:18,15:35,17:26,18:57
Wed 19 Feb 2025,05:37,07:08,12:17,15:37,17:27,18:59
Thu 20 Feb 2025,05:35,07:06,12:17,15:38,17:29,19:00
Fri 21 Feb 2025,05:33,07:04,12:17,15:40,17:31,19:02
Sat 22 Feb 2025,05:32,07:02,12:17,15:42,17:33,19:04
Sun 23 Feb 2025,05:30,07:00,12:17,15:43,17:34,19:05
Mon 24 Feb 2025,05:28,06:58,12:17,15:45,17:36,19:07
Tue 25 Feb 2025,05:26,06:56,12:17,15:46,17:38,19:09
Wed 26 Feb 2025,05:24,06:54,12:16,15:48,17:40,19:10
Thu 27 Feb 2025,05:22,06:52,12:16,15:49,17:41,19:12
Fri 28 Feb 2025,05:20,06:50,12:16,15:51,17:43,19:14
Sat 1 Mar 2025,05:18,06:48,12:16,15:52,17:45,19:15
Sun 2 Mar 2025,05:15,06:46,12:16,15:54,17:47,19:17
Mon 3 Mar 2025,05:13,06:44,12:16,15:55,17:48,19:19
Tue 4 Mar 2025,05:11,06:41,12:15,15:57,17:50,19:21
Wed 5 Mar 2025,05:09,06:39,12:15,15:58,17:52,19:22
Thu 6 Mar 2025,05:07,06:37,12:15,16:00,17:54,19:24
Fri 7 Mar 2025,05:05,06:35,12:15,16:01,17:55,19:26
Sat 8 Mar 2025,05:02,06:33,12:14,16:03,17:57,19:27
Sun 9 Mar 2025,05:00,06:31,12:14,16:04,17:59,19:29
Mon 10 Mar 2025,04:58,06:28,12:14,16:06,18:00,19:31
Tue 11 Mar 2025,04:56,06:26,12:14,16:07,18:02,19:33
Wed 12 Mar 2025,04:53,06:24,12:13,16:09,18:04,19:34
Thu 13 Mar 2025,04:51,06:22,12:13,16:10,18:05,19:36
Fri 14 Mar 2025,04:49,06:20,12:13,16:11,18:07,19:38
Sat 15 Mar 2025,04:46,06:17,12:13,16:13,18:09,19:40
Sun 16 Mar 2025,04:44,06:15,12:12,16:14,18:10,19:42
Mon 17 Mar 2025,04:42,06:13,12:12,16:15,18:12,19:43
Tue 18 Mar 2025,04:39,06:11,12:12,16:17,18:14,19:45
Wed 19 Mar 2025,04:37,06:08,12:11,16:18,18:15,19:47
Thu 20 Mar 2025,04:34,06:06,12:11,16:19,18:17,19:49
Fri 21 Mar 2025,04:32,06:04,12:11,16:21,18:19,19:51
Sat 22 Mar 2025,04:29,06:02,12:10,16:22,18:20,19:53
Sun 23 Mar 2025,04:27,05:59,12:10,16:23,18:22,19:55
Mon 24 Mar 2025,04:24,05:57,12:10,16:25,18:24,19:56
Tue 25 Mar 2025,04:22,05:55,12:10,16:26,18:25,19:58
Wed 26 Mar 2025,04:19,05:53,12:09,16:27,18:27,20:00
Thu 27 Mar 2025,04:17,05:50,12:09,16:28,18:29,20:02
Fri 28 Mar 2025,04:14,05:48,12:09,16:30,18:30,20:04
Sat 29 Mar 2025,04:12,05:46,12:08,16:31,18:32,20:06
Sun 30 Mar 2025,05:09,06:44,13:08,17:32,19:33,21:08
Mon 31 Mar 2025,05:07,06:41,13:08,17:33,19:35,21:10
Tue 1 Apr 2025,05:04,06:39,13:07,17:34,19:37,21:12
Wed 2 Apr 2025,05:02,06:37,13:07,17:36,19:38,21:14
Thu 3 Apr 2025,04:59,06:35,13:07,17:37,19:40,21:16
Fri 4 Apr 2025,04:56,06:32,13:07,17:38,19:42,21:18
Sat 5 Apr 2025,04:54,06:30,13:06,17:39,19:43,21:20
Sun 6 Apr 2025,04:51,06:28,13:06,17:40,19:45,21:22
Mon 7 Apr 2025,04:48,06:26,13:06,17:42,19:47,21:24
Tue 8 Apr 2025,04:46,06:24,13:05,17:43,19:48,21:26
Wed 9 Apr 2025,04:43,06:21,13:05,17:44,19:50,21:29
Thu 10 Apr 2025,04:40,06:19,13:05,17:45,19:52,21:31
Fri 11 Apr 2025,04:38,06:17,13:05,17:46,19:53,21:33
Sat 12 Apr 2025,04:35,06:15,13:04,17:47,19:55,21:35
Sun 13 Apr 2025,04:32,06:13,13:04,17:48,19:56,21:37
Mon 14 Apr 2025,04:30,06:11,13:04,17:49,19:58,21:39
Tue 15 Apr 2025,04:27,06:09,13:04,17:51,20:00,21:42
Wed 16 Apr 2025,04:24,06:06,13:03,17:52,20:01,21:44
Thu 17 Apr 2025,04:21,06:04,13:03,17:53,20:03,21:46
Fri 18 Apr 2025,04:19,06:02,13:03,17:54,20:05,21:49
Sat 19 Apr 2025,04:16,06:00,13:03,17:55,20:06,21:51
Sun 20 Apr 2025,04:13,05:58,13:03,17:56,20:08,21:53
Mon 21 Apr 2025,04:11,05:56,13:02,17:57,20:09,21:56
Tue 22 Apr 2025,04:08,05:54,13:02,17:58,20:11,21:58
Wed 23 Apr 2025,04:05,05:52,13:02,17:59,20:13,22:00
Thu 24 Apr 2025,04:02,05:50,13:02,18:00,20:14,22:03
Fri 25 Apr 2025,03:59,05:48,13:02,18:01,20:16,22:05
Sat 26 Apr 2025,03:57,05:46,13:01,18:02,20:18,22:08
Sun 27 Apr 2025,03:54,05:44,13:01,18:03,20:19,22:10
Mon 28 Apr 2025,03:51,05:42,13:01,18:04,20:21,22:13
Tue 29 Apr 2025,03:48,05:40,13:01,18:05,20:22,22:15
Wed 30 Apr 2025,03:46,05:39,13:01,18:06,20:24,22:18
Thu 1 May 2025,03:43,05:37,13:01,18:07,20:26,22:20
Fri 2 May 2025,03:40,05:35,13:01,18:08,20:27,22:23
Sat 3 May 2025,03:37,05:33,13:01,18:09,20:29,22:25
Sun 4 May 2025,03:34,05:31,13:00,18:10,20:30,22:28
Mon 5 May 2025,03:32,05:30,13:00,18:11,20:32,22:31
Tue 6 May 2025,03:29,05:28,13:00,18:12,20:34,22:33
Wed 7 May 2025,03:26,05:26,13:00,18:13,20:35,22:36
Thu 8 May 2025,03:23,05:24,13:00,18:14,20:37,22:39
Fri 9 May 2025,03:20,05:23,13:00,18:15,20:38,22:41
Sat 10 May 2025,03:18,05:21,13:00,18:16,20:40,22:44
Sun 11 May 2025,03:15,05:20,13:00,18:17,20:41,22:47
Mon 12 May 2025,03:12,05:18,13:00,18:18,20:43,22:50
Tue 13 May 2025,03:09,05:17,13:00,18:18,20:44,22:52
Wed 14 May 2025,03:08,05:15,13:00,18:19,20:46,22:53
Thu 15 May 2025,03:07,05:14,13:00,18:20,20:47,22:54
Fri 16 May 2025,03:06,05:12,13:00,18:21,20:49,22:55
Sat 17 May 2025,03:06,05:11,13:00,18:22,20:50,22:55
Sun 18 May 2025,03:05,05:09,13:00,18:23,20:52,22:56
Mon 19 May 2025,03:04,05:08,13:00,18:24,20:53,22:57
Tue 20 May 2025,03:04,05:07,13:00,18:24,20:54,22:57
Wed 21 May 2025,03:03,05:06,13:00,18:25,20:56,22:58
Thu 22 May 2025,03:03,05:04,13:00,18:26,20:57,22:59
Fri 23 May 2025,03:02,05:03,13:00,18:27,20:58,23:00
Sat 24 May 2025,03:01,05:02,13:01,18:28,21:00,23:00
Sun 25 May 2025,03:01,05:01,13:01,18:28,21:01,23:01
Mon 26 May 2025,03:00,05:00,13:01,18:29,21:02,23:02
Tue 27 May 2025,03:00,04:59,13:01,18:30,21:03,23:02
Wed 28 May 2025,03:00,04:58,13:01,18:30,21:05,23:03
Thu 29 May 2025,02:59,04:57,13:01,18:31,21:06,23:04
Fri 30 May 2025,02:59,04:56,13:01,18:32,21:07,23:04
Sat 31 May 2025,02:58,04:55,13:01,18:32,21:08,23:05
Sun 1 Jun 2025,02:58,04:55,13:02,18:33,21:09,23:05
Mon 2 Jun 2025,02:58,04:54,13:02,18:34,21:10,23:06
Tue 3 Jun 2025,02:58,04:53,13:02,18:34,21:11,23:07
Wed 4 Jun 2025,02:57,04:52,13:02,18:35,21:12,23:07
Thu 5 Jun 2025,02:57,04:52,13:02,18:36,21:13,23:08
Fri 6 Jun 2025,02:57,04:51,13:02,18:36,21:14,23:08
Sat 7 Jun 2025,02:57,04:51,13:03,18:37,21:15,23:09
Sun 8 Jun 2025,02:57,04:50,13:03,18:37,21:15,23:09
Mon 9 Jun 2025,02:57,04:50,13:03,18:38,21:16,23:10
Tue 10 Jun 2025,02:56,04:50,13:03,18:38,21:17,23:10
Wed 11 Jun 2025,02:56,04:49,13:03,18:39,21:18,23:11
Thu 12 Jun 2025,02:56,04:49,13:04,18:39,21:18,23:11
Fri 13 Jun 2025,02:56,04:49,13:04,18:39,21:19,23:11
Sat 14 Jun 2025,02:56,04:49,13:04,18:40,21:19,23:12
Sun 15 Jun 2025,02:56,04:49,13:04,18:40,21:20,23:12
Mon 16 Jun 2025,02:57,04:49,13:04,18:41,21:20,23:12
Tue 17 Jun 2025,02:57,04:49,13:05,18:41,21:21,23:13
Wed 18 Jun 2025,02:57,04:49,13:05,18:41,21:21,23:13
Thu 19 Jun 2025,02:57,04:49,13:05,18:41,21:21,23:13
Fri 20 Jun 2025,02:57,04:49,13:05,18:42,21:22,23:14
Sat 21 Jun 2025,02:57,04:49,13:06,18:42,21:22,23:14
Sun 22 Jun 2025,02:58,04:49,13:06,18:42,21:22,23:14
Mon 23 Jun 2025,02:58,04:50,13:06,18:42,21:22,23:14
Tue 24 Jun 2025,02:58,04:50,13:06,18:42,21:22,23:14
Wed 25 Jun 2025,02:58,04:50,13:06,18:43,21:22,23:14
Thu 26 Jun 2025,02:59,04:51,13:07,18:43,21:22,23:14
Fri 27 Jun 2025,02:59,04:51,13:07,18:43,21:22,23:14
Sat 28 Jun 2025,02:59,04:52,13:07,18:43,21:22,23:14
Sun 29 Jun 2025,03:00,04:52,13:07,18:43,21:22,23:14
Mon 30 Jun 2025,03:00,04:53,13:07,18:43,21:22,23:14
Tue 1 Jul 2025,03:01,04:54,13:08,18:43,21:21,23:14
Wed 2 Jul 2025,03:01,04:54,13:08,18:43,21:21,23:14
Thu 3 Jul 2025,03:02,04:55,13:08,18:42,21:21,23:14
Fri 4 Jul 2025,03:02,04:56,13:08,18:42,21:20,23:14
Sat 5 Jul 2025,03:02,04:57,13:08,18:42,21:20,23:14
Sun 6 Jul 2025,03:03,04:58,13:09,18:42,21:19,23:14
Mon 7 Jul 2025,03:03,04:59,13:09,18:42,21:18,23:13
Tue 8 Jul 2025,03:04,04:59,13:09,18:41,21:18,23:13
Wed 9 Jul 2025,03:05,05:00,13:09,18:41,21:17,23:13
Thu 10 Jul 2025,03:05,05:01,13:09,18:41,21:16,23:13
Fri 11 Jul 2025,03:06,05:02,13:09,18:40,21:16,23:12
Sat 12 Jul 2025,03:06,05:04,13:09,18:40,21:15,23:12
Sun 13 Jul 2025,03:07,05:05,13:09,18:40,21:14,23:12
Mon 14 Jul 2025,03:08,05:06,13:10,18:39,21:13,23:11
Tue 15 Jul 2025,03:08,05:07,13:10,18:39,21:12,23:11
Wed 16 Jul 2025,03:09,05:08,13:10,18:38,21:11,23:10
Thu 17 Jul 2025,03:09,05:09,13:10,18:38,21:10,23:10
Fri 18 Jul 2025,03:10,05:10,13:10,18:37,21:09,23:09
Sat 19 Jul 2025,03:11,05:12,13:10,18:36,21:08,23:09
Sun 20 Jul 2025,03:11,05:13,13:10,18:36,21:07,23:08
Mon 21 Jul 2025,03:12,05:14,13:10,18:35,21:05,23:08
Tue 22 Jul 2025,03:13,05:16,13:10,18:35,21:04,23:07
Wed 23 Jul 2025,03:13,05:17,13:10,18:34,21:03,23:06
Thu 24 Jul 2025,03:14,05:18,13:10,18:33,21:01,23:06
Fri 25 Jul 2025,03:15,05:20,13:10,18:32,21:00,23:05
Sat 26 Jul 2025,03:15,05:21,13:10,18:31,20:59,23:04
Sun 27 Jul 2025,03:16,05:22,13:10,18:31,20:57,23:04
Mon 28 Jul 2025,03:17,05:24,13:10,18:30,20:56,23:03
Tue 29 Jul 2025,03:18,05:25,13:10,18:29,20:54,23:02
Wed 30 Jul 2025,03:19,05:27,13:10,18:28,20:53,22:59
Thu 31 Jul 2025,03:22,05:28,13:10,18:27,20:51,22:57
Fri 1 Aug 2025,03:25,05:30,13:10,18:26,20:50,22:54
Sat 2 Aug 2025,03:27,05:31,13:10,18:25,20:48,22:51
Sun 3 Aug 2025,03:30,05:33,13:10,18:24,20:46,22:48
Mon 4 Aug 2025,03:33,05:34,13:10,18:23,20:45,22:45
Tue 5 Aug 2025,03:35,05:36,13:10,18:22,20:43,22:43
Wed 6 Aug 2025,03:38,05:37,13:10,18:21,20:41,22:40
Thu 7 Aug 2025,03:40,05:39,13:09,18:20,20:39,22:37
Fri 8 Aug 2025,03:43,05:40,13:09,18:18,20:38,22:34
Sat 9 Aug 2025,03:46,05:42,13:09,18:17,20:36,22:31
Sun 10 Aug 2025,03:48,05:43,13:09,18:16,20:34,22:29
Mon 11 Aug 2025,03:51,05:45,13:09,18:15,20:32,22:26
Tue 12 Aug 2025,03:53,05:46,13:09,18:13,20:30,22:23
Wed 13 Aug 2025,03:55,05:48,13:08,18:12,20:28,22:20
Thu 14 Aug 2025,03:58,05:49,13:08,18:11,20:26,22:17
Fri 15 Aug 2025,04:00,05:51,13:08,18:09,20:24,22:15
Sat 16 Aug 2025,04:03,05:52,13:08,18:08,20:22,22:12
Sun 17 Aug 2025,04:05,05:54,13:08,18:07,20:20,22:09
Mon 18 Aug 2025,04:07,05:56,13:07,18:05,20:18,22:06
Tue 19 Aug 2025,04:10,05:57,13:07,18:04,20:16,22:03
Wed 20 Aug 2025,04:12,05:59,13:07,18:02,20:14,22:01
Thu 21 Aug 2025,04:14,06:00,13:07,18:01,20:12,21:58
Fri 22 Aug 2025,04:17,06:02,13:06,17:59,20:10,21:55
Sat 23 Aug 2025,04:19,06:03,13:06,17:58,20:08,21:52
Sun 24 Aug 2025,04:21,06:05,13:06,17:56,20:06,21:50
Mon 25 Aug 2025,04:23,06:06,13:06,17:55,20:04,21:47
Tue 26 Aug 2025,04:25,06:08,13:05,17:53,20:02,21:44
Wed 27 Aug 2025,04:28,06:10,13:05,17:52,20:00,21:41
Thu 28 Aug 2025,04:30,06:11,13:05,17:50,19:58,21:39
Fri 29 Aug 2025,04:32,06:13,13:05,17:48,19:55,21:36
Sat 30 Aug 2025,04:34,06:14,13:04,17:47,19:53,21:33
Sun 31 Aug 2025,04:36,06:16,13:04,17:45,19:51,21:30
Mon 1 Sep 2025,04:38,06:17,13:04,17:43,19:49,21:28
Tue 2 Sep 2025,04:40,06:19,13:03,17:42,19:47,21:25
Wed 3 Sep 2025,04:42,06:20,13:03,17:40,19:44,21:22
Thu 4 Sep 2025,04:44,06:22,13:03,17:38,19:42,21:20
Fri 5 Sep 2025,04:46,06:24,13:02,17:36,19:40,21:17
Sat 6 Sep 2025,04:48,06:25,13:02,17:35,19:38,21:14
Sun 7 Sep 2025,04:50,06:27,13:02,17:33,19:36,21:12
Mon 8 Sep 2025,04:52,06:28,13:01,17:31,19:33,21:09
Tue 9 Sep 2025,04:54,06:30,13:01,17:29,19:31,21:06
Wed 10 Sep 2025,04:56,06:31,13:01,17:27,19:29,21:04
Thu 11 Sep 2025,04:58,06:33,13:00,17:26,19:27,21:01
Fri 12 Sep 2025,05:00,06:34,13:00,17:24,19:24,20:59
Sat 13 Sep 2025,05:02,06:36,12:59,17:22,19:22,20:56
Sun 14 Sep 2025,05:04,06:38,12:59,17:20,19:20,20:53
Mon 15 Sep 2025,05:05,06:39,12:59,17:18,19:17,20:51
Tue 16 Sep 2025,05:07,06:41,12:58,17:16,19:15,20:48
Wed 17 Sep 2025,05:09,06:42,12:58,17:14,19:13,20:46
Thu 18 Sep 2025,05:11,06:44,12:58,17:12,19:11,20:43
Fri 19 Sep 2025,05:13,06:45,12:57,17:10,19:08,20:41
Sat 20 Sep 2025,05:15,06:47,12:57,17:09,19:06,20:38
Sun 21 Sep 2025,05:16,06:49,12:57,17:07,19:04,20:36
Mon 22 Sep 2025,05:18,06:50,12:56,17:05,19:02,20:33
Tue 23 Sep 2025,05:20,06:52,12:56,17:03,18:59,20:31
Wed 24 Sep 2025,05:22,06:53,12:56,17:01,18:57,20:28
Thu 25 Sep 2025,05:23,06:55,12:55,16:59,18:55,20:26
Fri 26 Sep 2025,05:25,06:56,12:55,16:57,18:52,20:24
Sat 27 Sep 2025,05:27,06:58,12:55,16:55,18:50,20:21
Sun 28 Sep 2025,05:28,07:00,12:54,16:53,18:48,20:19
Mon 29 Sep 2025,05:30,07:01,12:54,16:51,18:46,20:17
Tue 30 Sep 2025,05:32,07:03,12:54,16:49,18:43,20:14
Wed 1 Oct 2025,05:34,07:04,12:53,16:47,18:41,20:12
Thu 2 Oct 2025,05:35,07:06,12:53,16:45,18:39,20:10
Fri 3 Oct 2025,05:37,07:08,12:53,16:43,18:37,20:07
Sat 4 Oct 2025,05:39,07:09,12:52,16:41,18:34,20:05
Sun 5 Oct 2025,05:40,07:11,12:52,16:39,18:32,20:03
Mon 6 Oct 2025,05:42,07:12,12:52,16:37,18:30,20:00
Tue 7 Oct 2025,05:44,07:14,12:51,16:35,18:28,19:58
Wed 8 Oct 2025,05:45,07:16,12:51,16:33,18:26,19:56
Thu 9 Oct 2025,05:47,07:17,12:51,16:31,18:24,19:54
Fri 10 Oct 2025,05:48,07:19,12:51,16:29,18:21,19:52
Sat 11 Oct 2025,05:50,07:21,12:50,16:27,18:19,19:50
Sun 12 Oct 2025,05:52,07:22,12:50,16:25,18:17,19:48
Mon 13 Oct 2025,05:53,07:24,12:50,16:24,18:15,19:45
Tue 14 Oct 2025,05:55,07:25,12:50,16:22,18:13,19:43
Wed 15 Oct 2025,05:56,07:27,12:49,16:20,18:11,19:41
Thu 16 Oct 2025,05:58,07:29,12:49,16:18,18:09,19:39
Fri 17 Oct 2025,06:00,07:30,12:49,16:16,18:06,19:37
Sat 18 Oct 2025,06:01,07:32,12:49,16:14,18:04,19:35
Sun 19 Oct 2025,06:03,07:34,12:49,16:12,18:02,19:33
Mon 20 Oct 2025,06:04,07:36,12:48,16:10,18:00,19:31
Tue 21 Oct 2025,06:06,07:37,12:48,16:08,17:58,19:30
Wed 22 Oct 2025,06:08,07:39,12:48,16:07,17:56,19:28
Thu 23 Oct 2025,06:09,07:41,12:48,16:05,17:54,19:26
Fri 24 Oct 2025,06:11,07:42,12:48,16:03,17:52,19:24
Sat 25 Oct 2025,06:12,07:44,12:48,16:01,17:50,19:22
Sun 26 Oct 2025,05:14,06:46,11:48,14:59,16:49,18:21
Mon 27 Oct 2025,05:15,06:47,11:48,14:58,16:47,18:19
Tue 28 Oct 2025,05:17,06:49,11:47,14:56,16:45,18:17
Wed 29 Oct 2025,05:18,06:51,11:47,14:54,16:43,18:15
Thu 30 Oct 2025,05:20,06:53,11:47,14:52,16:41,18:14
Fri 31 Oct 2025,05:22,06:54,11:47,14:51,16:39,18:12
Sat 1 Nov 2025,05:23,06:56,11:47,14:49,16:38,18:11
Sun 2 Nov 2025,05:25,06:58,11:47,14:47,16:36,18:09
Mon 3 Nov 2025,05:26,07:00,11:47,14:46,16:34,18:08
Tue 4 Nov 2025,05:28,07:01,11:47,14:44,16:32,18:06
Wed 5 Nov 2025,05:29,07:03,11:47,14:43,16:31,18:05
Thu 6 Nov 2025,05:31,07:05,11:47,14:41,16:29,18:03
Fri 7 Nov 2025,05:32,07:06,11:47,14:39,16:27,18:02
Sat 8 Nov 2025,05:34,07:08,11:47,14:38,16:26,18:00
Sun 9 Nov 2025,05:35,07:10,11:48,14:37,16:24,17:59
Mon 10 Nov 2025,05:37,07:12,11:48,14:35,16:23,17:58
Tue 11 Nov 2025,05:38,07:13,11:48,14:34,16:21,17:57
Wed 12 Nov 2025,05:39,07:15,11:48,14:32,16:20,17:56
Thu 13 Nov 2025,05:41,07:17,11:48,14:31,16:18,17:54
Fri 14 Nov 2025,05:42,07:18,11:48,14:30,16:17,17:53
Sat 15 Nov 2025,05:44,07:20,11:48,14:28,16:16,17:52
Sun 16 Nov 2025,05:45,07:22,11:48,14:27,16:14,17:51
Mon 17 Nov 2025,05:47,07:23,11:49,14:26,16:13,17:50
Tue 18 Nov 2025,05:48,07:25,11:49,14:25,16:12,17:49
Wed 19 Nov 2025,05:49,07:27,11:49,14:24,16:11,17:48
Thu 20 Nov 2025,05:51,07:28,11:49,14:23,16:10,17:47
Fri 21 Nov 2025,05:52,07:30,11:50,14:22,16:09,17:47
Sat 22 Nov 2025,05:53,07:31,11:50,14:21,16:08,17:46
Sun 23 Nov 2025,05:55,07:33,11:50,14:20,16:07,17:45
Mon 24 Nov 2025,05:56,07:35,11:50,14:19,16:06,17:44
Tue 25 Nov 2025,05:57,07:36,11:51,14:18,16:05,17:44
Wed 26 Nov 2025,05:59,07:38,11:51,14:17,16:04,17:43
Thu 27 Nov 2025,06:00,07:39,11:51,14:16,16:03,17:42
Fri 28 Nov 2025,06:01,07:41,11:52,14:16,16:02,17:42
Sat 29 Nov 2025,06:02,07:42,11:52,14:15,16:02,17:41
Sun 30 Nov 2025,06:03,07:43,11:52,14:14,16:01,17:41
Mon 1 Dec 2025,06:05,07:45,11:53,14:14,16:00,17:41
Tue 2 Dec 2025,06:06,07:46,11:53,14:13,16:00,17:40
Wed 3 Dec 2025,06:07,07:47,11:54,14:13,15:59,17:40
Thu 4 Dec 2025,06:08,07:49,11:54,14:12,15:59,17:40
Fri 5 Dec 2025,06:09,07:50,11:54,14:12,15:58,17:39
Sat 6 Dec 2025,06:10,07:51,11:55,14:12,15:58,17:39
Sun 7 Dec 2025,06:11,07:52,11:55,14:11,15:58,17:39
Mon 8 Dec 2025,06:12,07:54,11:56,14:11,15:57,17:39
Tue 9 Dec 2025,06:13,07:55,11:56,14:11,15:57,17:39
Wed 10 Dec 2025,06:14,07:56,11:57,14:11,15:57,17:39
Thu 11 Dec 2025,06:15,07:57,11:57,14:11,15:57,17:39
Fri 12 Dec 2025,06:16,07:58,11:57,14:11,15:57,17:39
Sat 13 Dec 2025,06:16,07:59,11:58,14:11,15:57,17:39
Sun 14 Dec 2025,06:17,08:00,11:58,14:11,15:57,17:40
Mon 15 Dec 2025,06:18,08:00,11:59,14:11,15:57,17:40
Tue 16 Dec 2025,06:19,08:01,11:59,14:11,15:57,17:40
Wed 17 Dec 2025,06:19,08:02,12:00,14:12,15:58,17:40
Thu 18 Dec 2025,06:20,08:03,12:00,14:12,15:58,17:41
Fri 19 Dec 2025,06:21,08:03,12:01,14:12,15:58,17:41
Sat 20 Dec 2025,06:21,08:04,12:01,14:13,15:59,17:42
Sun 21 Dec 2025,06:22,08:04,12:02,14:13,15:59,17:42
Mon 22 Dec 2025,06:22,08:05,12:02,14:14,16:00,17:43
Tue 23 Dec 2025,06:23,08:05,12:03,14:14,16:00,17:43
Wed 24 Dec 2025,06:23,08:06,12:03,14:15,16:01,17:44
Thu 25 Dec 2025,06:23,08:06,12:04,14:16,16:02,17:44
Fri 26 Dec 2025,06:24,08:06,12:04,14:16,16:02,17:45
Sat 27 Dec 2025,06:24,08:07,12:05,14:17,16:03,17:46
Sun 28 Dec 2025,06:24,08:07,12:05,14:18,16:04,17:46
Mon 29 Dec 2025,06:24,08:07,12:06,14:19,16:05,17:47
Tue 30 Dec 2025,06:25,08:07,12:06,14:20,16:06,17:48
Wed 31 Dec 2025,06:25,08:07,12:07,14:21,16:07,17:49